{"Modules":[{"Key":"management_groups.mg1.mg2.mg3.mg4.mg5.mg6","Source":"../mg6","Dir":"modules/management_groups/modules/mg6"},{"Key":"management_groups","Source":"./modules/management_groups","Dir":"modules/management_groups"},{"Key":"management_groups.mg1.mg2.mg3.mg4","Source":"../mg4","Dir":"modules/management_groups/modules/mg4"},{"Key":"","Source":"","Dir":"."},{"Key":"management_groups.mg1.mg2.mg3.mg4.mg5","Source":"../mg5","Dir":"modules/management_groups/modules/mg5"},{"Key":"management_groups.mg1.mg2","Source":"../mg2","Dir":"modules/management_groups/modules/mg2"},{"Key":"test","Source":"./modules/dnszones","Dir":"modules/dnszones"},{"Key":"management_groups.mg1.mg2.mg3","Source":"../mg3","Dir":"modules/management_groups/modules/mg3"},{"Key":"management_groups.mg1","Source":"./modules/mg1","Dir":"modules/management_groups/modules/mg1"}]}